感觉好难啊。 知识点不只是局限于人工智能等章节，感觉挺难找的。 老师能不能在预习时划一个具体的范围？ 不怎么样。 难。 今天放了风筝，但是因为图书馆门口没有风，风筝没有飞起来。 期待接下来几天有大风天气。◟(.öˬö.ᕙ(Ծ▂Ծ‶)ᕗϚ⁍̴̛ᴗ⁍̴̛꒜ᕙ(Ծ▂Ծ‶)ᕗ(ง∩_∩)ᕳ•⍘•ᕲ三(۶ᐛ )۶ʕ•̀⁰⁰•́ʔᕗ( ͒•·̫|
我打开软件，打算做题，看到第一题，第二题……算了，太难了，以后再做，就这样，反复三次，最后马上截止日期了，我才狠心往下做。就看了看题，自己就被打趴下了！不好做，还是自己才学输浅，体会到什么叫“活到老学大老”，充实，才会让自己感到快乐。
1.21212121212121e+104
感觉自己并不了解什么。题目涉及的知识点比较多，而且很零碎。^ↀᴥↀ^^ↀᴥↀ^^ↀᴥↀ^^ↀᴥↀ^^ↀᴥↀ^^ↀᴥↀ^^ↀᴥↀ^^ↀᴥↀ^^ↀᴥↀ^^ↀᴥↀ^^ↀᴥↀ^^ↀᴥↀ^(⋆ʾ ˙̫̮ ʿ⋆)(⋆ʾ ˙̫̮ ʿ⋆)( ^..^)ﾉ 一般。 难。
感觉这几次作业比较多，而且知识点比较分散 理解得还行。 一般。 (๑•॒̀ ູ॒•́๑)t(- n -)t( ^..^)ﾉб(*｀・´)∂(•̴̑⁎̵̭•̴̆)(•̴̑⁎̵̭•̴̆)б(*｀・´)∂б(*｀・´)∂б(*｀・´)∂
有一道题不会写。。。。。。。。。。。。。。。。。。。。。。。。。。。。。。。。。。。。。。。。。。。。。。。。。。。。。。。。。。。。。。。。。。。。。。。。。。。。。。。。。。。。。。。。。。。。。。。。。
还可以吧。。。。不算特别那你就是得翻书找。。。。。。。。。。。。。。。。。。。。。。。。。。。。。。。。。。。。烦，老实记不住。。。。。。。。。。。。。。。。。。。。。。。。。。。。。。。。。。。。。。
软件（中国大陆及香港用语，台湾作软体，英文：Software）是一系列按照特定顺序组织的计算机数据和指令的集合。一般来讲软件被划分为系统软件、应用软件和介于这两者之间的中间件。软件并不只是包括可以在计算机（这里的计算机是指广义的计算机）上运行的电脑程序，与这些电脑程序相关的文档一般也被认为是软件的一部分。简单的说软件就是程序加文档的集合体。另也泛指社会结构中的管理系统、思想意识形态、思想政治觉悟、法律法规等等
对知识点理解一般，掌握程度一般般，难度感觉比较高，做的可能不是很理想111111111111111111111111111111111111111111111111111111111111111111
2.12121221212211e+103
本次题目难度不大，预习之后基本能解决。就题目内容而已，涉及软件，编程等知识丰富。。。。。。。。。。。。。。。。。。。。。。。。。。。。。。。。。。。2121212121121221212122121212
本次预习任务关于程序设计语言。11111111111111111111111111111111111111111111111111111111111111111111111111111111111111
本次预习任务是关于软件工程111111111111111111111111111111111111111111111111111111 1111111111111111111111111111111111
1.11111111111111e+101
1.11111111111111e+101
软件工程是一门研究用工程化方法构建和维护有效的、实用的和高质量的软件的学科。它涉及到程序设计语言，数据库，软件开发工具，系统平台，标准，设计模式等方面。在现代社会中，软件应用于多个方面。典型的软件比如有电子邮件，嵌入式系统，人机界面，办公套件，操作系统，编译器，数据库，游戏等。
这一课的作业做起来不是特别顺利，感觉题目比较难，可能是老师课堂上讲的知识，我还没有搞清楚，不过我会再一次去了解这些相关的知识，去完善我的知识面，争取努力弥补我的这方面的不足，同时相信我能够独立的完成。
http://www.whutyiban.com/list/new/xy/jisuanjixueyuan/2017-11-21/2609.htmlhttp://www.whutyiban.com/list/new/xy/jisuanjixueyuan/2017-11-21/2625.htmlhttp://www.whutyiban.com/list/new/xy/jisuanjixueyuan/2017-11-21/2609.html
软件工程是一门研究用工程化方法构建和维护有效的、实用的和高质量的软件的学科。它涉及程序设计语言、数据库、软件开发工具、系统平台、标准、设计模式等方面。 在现代社会中，软件应用于多个方面。典型的软件有电子邮件、嵌入式系统、人机界面、办公套件、操作系统、编译器、数据库、游戏等。
emmm，buy self-learning ,I feel it is a little difficult ,maybe I have no idea about "chengxushejiyuyan",from The flolowing classes ,I will listen carefully to find it's easy.
系统软件是指控制和协调计算机及外部设备,支持应用软件开发和运行的系统，是无需用户干预的各种程序的集合，主要功能是调度，监控和维护计算机系统；负责管理计算机系统中各种独立的硬件，使得它们可以协调工作。系统软件使得计算机使用者和其他软件将计算机当作一个整体而不需要顾及到底层每个硬件是如何工作的。
好难啊。。。。。。。。。。。。。。。。。不会写。。。。。。。。。。。。。。。。。。。。。。。。。。。。。。。。。。烦烦烦。。。。。。。。。。。。。。。。。。。。。。心塞..................
不了解。 难 不懂。 再见。(∙⃘˱̵˲̵•)ヽ( ̐〥 ̐)ﾉᘛᐡᐤᐡᘚ(ه’́⌣’̀ه )／(∙⃘˱̵˲̵•)(∙⃘˱̵˲̵•)(∙⃘˱̵˲̵•)ᘛᐡᐤᐡᘚ(ه’́⌣’̀ه )／(ه’́⌣’̀ه )／(ه’́⌣’̀ه )／(ه’́⌣’̀ه )／
软件（中国大陆及香港用语，台湾称作软体，英文：Software）是一系列按照特定顺序组织的计算机数据和指令的集合。一般来讲软件被划分为系统软件、应用软件和介于这两者之间的中间件。软件并不只是包括可以在计算机（这里的计算机是指广义的计算机）上运行的电脑程序，与这些电脑程序相关的文档一般也被认为是软件的一部分。简单的说软件就是程序加文档的集合体。另也泛指社会结构中的管理系统、思想意识形态、思想政治觉悟、法律法规等等。
此次比较简单，概念比较清晰，一看就懂。难易程度不大，所以知识点掌握比较好。11111111111111111111111111111111111111111111111111111111111111111111111111
4.11111111111111e+102
本次预习题目不难理解，预习书本之后都能找到答案。。。。。。12121212121212121212212122121212212121212121512122121212212112121221121221212
对预习知识还是不能准确的记住与理解，希望老师能再多加讲解，我也会在课下多多自学，复习，尽力把知识点，相关信息，必备技能完全掌握，。相信在未来绝对会贯通这门学科。还需多加努力，也要与其他学科，相辅相成。
对已学的知识还是不能准确的记住与理解，希望老师能再多加讲解，我也会在课下多多自学，复习，尽力把知识点，相关信息，必备技能完全掌握，。相信在未来绝对会贯通这门学科。还需多加努力，也要与其他学科，相辅相成。General
对已学的知识还是不能准确的记住与理解，希望老师能再多加讲解，我也会在课下多多自学，复习，尽力把知识点，相关信息，必备技能完全掌握，。相信在未来绝对会贯通这门学科。还需多加努力，也要与其他学科，相辅相成。
感觉强制性要求百字的心得很奇怪，像是必须完成的指标，，，，，，，，，，，，，，，，，，，，，，，，，，，，，，，，，，，，，，，，，，，，，，，，，，，，，，，，，，，，，，，，，，，，，，，，，，，，，，，，，，，，，，，，，
1.11111111111111e+103
本次实验了解了云计算、物联网、软件的相关知识，对相关概念进行了一个更深入的了解，加深了我对相关概念的了解。在我的印象中，云计算、物联网都是目前很火很新的东西，但是在本次预习中我发现这些与我之前了解到的计算机没有太大差距，只是扩展和延伸。希望通过后续的学习，能够更加深入地了解相关概念。
#include<stdio.h> int main (void) { int i,m,n; for (m=2;m<=1000;m++) { n=0; for (i=1;i<=m/2;i++) if(m%i==0) n=n+i; if (n==m) printf("%d\n",m); } return 0; }
本周学习了有关计算机网络的定义，与分类，硬件组成，拓扑结构，体系结构等有关内容，比较简单，效果较好。。。。。。。。。。。。。。。。。。。。。。。。。。。。。。。。。。。。。。。。。。。。。。。。。。。。。
这个星期学习了有关计算机的网络，网络的定义与分类，硬件组成，拓扑结构，网络的体系结构等内容。感觉简较简单。。。。。。。。。。。。。。。。。。。。。。。。。。。。。。。。。。。。。。。。。。。。。。。。。。
本次预习，我了解了一些关于交换机，计算机网络，有线传输等的知识。这些知识很深有点难理解。1111111111111111111111111111111111111111111111111111111111111111111111
了解了http，交换机，计算机网络，星型拓扑结构等等一些听起来很高大上的东西，不过真的很难理解╮（╯＿╰）╭，上星期的都不算完全弄懂了，这又来了新东西，感觉自己与时代脱轨了，以前基本没玩过电脑，现在做这些真的很难，唉
不知道说啥，计算机导论是一门很好的学科让我学习到了很多，超文本传输协议，交换机，等星型拓扑，practice makes perfect . 计算机导论作业写完了，这个心得体会真的不知道说啥啊，好烦啊，，，，，，，
感觉都是书上的原话。虽然可以找到答案，但是自己并不能很好理解书上的内容。 一般。 简单。ɢᵒᵒᵈ ɴⁱᵍʰᵗ✧*̣̩⋆̩☽⋆(~•̀︿•́~)つo(╥﹏╥)o(๑˃́ꇴ˂̀๑)<(｀^′)>( ⁰ ਊ ⁰ )ᕗ(ʘ̆〰ʘ̆)
so easy，真的好简单，书上一找就找到，简单的不得了，so easy啊，吼吼吼，好简单，简单死了，简单的不得了，so easy，简单，简单，简单，简单的没话可说，太简单了啊，吼吼吼，哈哈哈，嘻嘻嘻，。。。
关于计算机网络的界定有了解，还有就是计算机网络的硬件组成的各个部位功能f的了解，像网络传输媒介的几种类型，还有中继器，交换机，路由器之类的。。。。。。。。。。。。。。。。。。。。。。。。。。。。。。。。。
通过此次预习，我对计算机网络，传输协议再次有了理解。。。。。。。。。。。。。。。。。。。。。。。。。。。。。。。。。。。。。。。。。。。。。。。。。。。。。。。。。。。。。。。。。。。。。。。。。。。。
1.11111111111111e+101
计算机网络，是指将地理位置不同的具有独立功能的多台计算机及其外部设备，通过通信线路连接起来，在网络操作系统，网络管理软件及网络通信协议的管理和协调下，实现资源共享和信息传递的计算机系统。 计算机网络的分类与的一般的事物分类方法一样，可以按事物的所具有的不同性质特点即事物的属性分类。计算机网络通俗地讲就是由多台计算机（或其它计算机网络设备）通过传输介质和软件物理（或逻辑）连接在一起组成的。总的来说计算机网络的组成基本上包括：计算机、网络操作系统、传输介质（可以是有形的，也可以是无形的，如无线网络的传输介质就是空间）以及相应的应用软件四部分。
本次题目的答案在书上都有。 感觉还行。｡◕‿◕｡ 比较简单。ɢᵒᵒᵈ ɴⁱᵍʰᵗ✧*̣̩⋆̩☽⋆ɢᵒᵒᵈ ɴⁱᵍʰᵗ✧*̣̩⋆̩☽⋆ɢᵒᵒᵈ ɴⁱᵍʰᵗ✧*̣̩⋆̩☽⋆(๑˘̴͈́꒵˘̴͈̀) ˮ вyё вyё(๑˘̴͈́꒵˘̴͈̀) ˮ вyё вyё
该不会有这种现象，楼主看看充电器的电源线接触是否正常，如没问题的话，再试试其他充电器充电有无类似情况，否则，就可能充电器有问题，去当地维修点检测线接触是否正常，如没问题的话，再试试其他充电器充电有无类似情况，否则
After a generation of revisions, it USES and accounts for half of the operating system market.我感觉随着进步，计算机越来越重要了。。。。
计算机科学是一门包含各种各样与计算和信息处理相关主题的系统学科，从抽象的算法分析、形式化语法等等，到更具体的主题如编程语言、程序设计、软件和硬件等。计算机科学分为理论计算机科学和实验计算机科学两个部分。
计算机科学是一门包含各种各样与计算和信息处理相关主题的系统学科，从抽象的算法分析、形式化语法等等，到更具体的主题如编程语言、程序设计、软件和硬件等。计算机科学分为理论计算机科学和实验计算机科学两个部分。我热爱计算机科学。
计算机科学的内容具有各式各样的内涵，我们应合理的认识对待计算机学科与程序设计之间的关系，计算机学科应是一门处理信息的学科，而程序设计语言是具有计算机领域特色的工具，计算机是信息处理的工具，我们要不断开拓自己的眼界，争做一名新型的计算机人才。
计算机科学是处理信息的学科，具有理论、抽象、设计三个学科形态。所以，计算机科学是对描述和变换信息的算法过程的系统研究。随着计算机的普及和广泛应用，计算机科学呈现出迅猛的发展势头。我们要跟踪学科前沿，开拓更广阔的发展空间，努力做一个创新型的计算机人才。
这次题目书上都有。 较好。 感觉很简单。 ₍˄·͈༝·͈˄₎ฅ˒˒₍˄·͈༝·͈˄₎ฅ˒˒(⃔ *`꒳´ * )⃕↝(⃔ *`꒳´ * )⃕↝₍˄·͈༝·͈˄₎ฅ˒˒₍˄·͈༝·͈˄₎ฅ˒˒(⃔ *`꒳´ * )⃕↝(⃔ *`꒳´ * )⃕↝
课前预习真的能让我们学到很多，，，，，，，，，，，，，，，，，，，，，，，，，，，，，，，，，，，，，，，，，，，，，，，，，，，，，，，，，，，，，，，，，，，，，，，，，，，，，，，，，，，，，，
hahahahahahahahahdjfhlsdjkahfldkjfhaiweufhjklwehlavkjhdslkjvahlkfuhnsdkjafhsdkjafhlekawhlkedbhafklwjhfdlkjshfldkjahskldj
这次的知识点感觉很分散。 感觉自己掌握得还行。 题目不难，但心得真的很烦。 老师会看心得吗？(⃔ *`꒳´ * )⃕↝(⃔ *`꒳´ * )⃕↝(⃔ *`꒳´ * )⃕↝(..›ᴗ‹..)₍˄·͈༝·͈˄₎ฅ˒˒(๑•̿ ·̫ •̿๑)₍˄·͈༝·͈˄₎ฅ˒˒
啊最近参加金秋艺术节，每天晚上练舞蹈，占用了我的自习时间，没有时间预习也没有时间复习，学习完全被打乱了啊啊啊～别提有多后悔报这个玩意儿了，现在学习一团乱，我要尽快跟上老师的进度啊，再这样下去，就要挂！科！了！好好努力啊，大学第一个学期，一定要开个好头，大学生活才会轻松美好啊～
这是心得这是心得这是心得这是心得这是心得这是心得这是心得这是心得这是心得这是心得这是心得这是心得这是心得这是心得这是心得这是心得这是心得这是心得这是心得这是心得这是心得这是心得这是心得这是心得这是心得这是心得这是心得
真正的改变出现在1800年左右，尽管1789年占领巴士底监狱的法国人手里都拿着长矛，但稍后而起的拿破仑战争中因为拿破仑对火炮配置的划时代革新和各国火枪性能的不断提升，使得步兵单纯用冷兵器冲锋已经是件伤亡惨重的事，因此长矛兵彻底为端着上有刺刀的火枪兵所取代。
我觉得这次的题目依旧可以通过逻辑推理，判断出答案。不过这大概就是选择题的弊端。 就像总结的作业一样，编出涉及知识点不同的题目总是困难的。 自我感觉还行。毕竟其他的课也在讲这个。 比较简单。因为诸如对象，类的概念也存在于生活中，早就有一定了解了。 虽然到了100字，但我还要灌水。。。。。(⋆ʾ ˙̫̮ ʿ⋆)(⋆ʾ ˙̫̮ ʿ⋆)(⋆ʾ ˙̫̮ ʿ⋆)(⋆ʾ ˙̫̮ ʿ⋆)(⋆ʾ ˙̫̮ ʿ⋆)(⋆ʾ ˙̫̮ ʿ⋆)(⋆ʾ ˙̫̮ ʿ⋆)(⋆ʾ ˙̫̮ ʿ⋆)(⋆ʾ ˙̫̮ ʿ⋆)(⋆ʾ ˙̫̮ ʿ⋆)(⋆ʾ ˙̫̮ ʿ⋆)(⋆ʾ ˙̫̮ ʿ⋆)(⋆ʾ ˙̫̮ ʿ⋆)(⋆ʾ ˙̫̮ ʿ⋆)^ↀᴥↀ^(⋆ʾ ˙̫̮ ʿ⋆)(⋆ʾ ˙̫̮ ʿ⋆)ɿ(｡･ɜ･)ɾ^ↀᴥↀ^(ヾﾉ•᷅ ༬•᷄ )^ↀᴥↀ^^ↀᴥↀ^(⋆ʾ ˙̫̮ ʿ⋆)(⋆ʾ ˙̫̮ ʿ⋆)(⋆ʾ ˙̫̮ ʿ⋆)(⋆ʾ ˙̫̮ ʿ⋆)(⋆ʾ ˙̫̮ ʿ⋆)(⋆ʾ ˙̫̮ ʿ⋆)(⋆ʾ ˙̫̮ ʿ⋆)(⋆ʾ ˙̫̮ ʿ⋆)(⋆ʾ ˙̫̮ ʿ⋆)(⋆ʾ ˙̫̮ ʿ⋆)(⋆ʾ ˙̫̮ ʿ⋆)(⋆ʾ ˙̫̮ ʿ⋆)
After the teacher, don't read in a hurry to do my homework, and should be closed his eyes, relax after lifting, had been the important content of the lectures like show the aftertaste again, print the content of the teacher really in your mind.
1.11111111111111e+137
1.11111111111111e+101
对已学的知识还是不能准确的记住与理解，希望老师能再多加讲解，我也会在课下多多自学，复习，尽力把知识点，相关信息，必备技能完全掌握，。相信在未来绝对会贯通这门学科。_(´ཀ`」 ∠)__ (｀･ω･´)ゞ敬礼っ
1.24354687216464e+103
1.11111111111111e+101
软件（中国大陆及香港用语，台湾称作软体，英文：Software）是一系列按照特定顺序组织的计算机数据和指令的集合。一般来讲软件被划分为系统软件、应用软件和介于这两者之间的中间件。软件并不只是包括可以在计算机（这里的计算机是指广义的计算机）上运行的电脑程序，与这些电脑程序相关的文档一般也被认为是软件的一部分。简单的说软件就是程序加文档的集合体
#include<stdio.h> int main (void) { int a,b,count=0; int c[10000]; for (a=0;a<10000;a++) c[a]=a+1; c[0]=0; for(a=1;a<10000;a++) for(b=a+1;b<10000;b++) if(c[b]!=0) if(c[b]%c[a]==0) c[b]=0; for(a=1;a<10000;a++) { if(c[a]!=0){ printf("%d,",c[a]); count++; if(count%10==0) printf("/n");} } return 0; }
本次作业很简单。。。。。。。。。。。。。。。。。。。。。。。。。。。。。。。。。。。。。。。。。。。。。。。。。。。。。。。。。。。。。。。。。。。。。。。。。。。。。。。。。。。。。。。。。。。。。。。
本次作业难度不大，感觉上做的还不错，对软硬件较深入的理解，同时，对信息的获取，存储，传输的过程，以及内容把握的不错，唯一不足的是，对10进制的数字转化为16进制的理解还有些欠缺，还没真正搞清楚它的含义。
本次作业难度不大，感觉上做的还不错，对软件的架构有了较深入的理解，同时，对信息的获取，存储，传输的过程，以及内容把握的不错，唯一不足的是，对dos的理解还有些欠缺，还没真正搞清楚它的使用方式（dos实在是有点难）。
本次作业难度不大，感觉上做的还不错，对软硬件较深入的理解，同时，对信息的获取，存储，传输的过程，以及内容把握的不错，唯一不足的是，对10进制的数字转化为16进制的理解还有些欠缺，还没真正搞清楚它的含义。
不行不行那些你手机那些那些年继续继续奖学金那些那些年想就地解决打击打击你等你那些奖学金继续继续姐姐学习快开学苦中苦简单机械就地解决6666666666664646466464646464466464646646
学的还可以，感觉题不男，好简单的 但是不能忘记复习，超简单啊。。。。。。好好学习，天天向上励志陈才保卫祖国，加油加油，。。。。。。。。。。。。。。。。。。。。。。。。。。。。。。。。。。。。。。。。。。。
1.11111111111111e+108
心得体会心得体会心得体会心得体会得心得体会心得体会心得体会心得体会心得体会心得体会得心得体会心得体会心得体会心得体会心得体会心得体会心心得体会心得体会心得体会心得体会得心得体会心得体会心得体会心得体会心得体会心得体会得心得体会心得体会心得体会心得体会心得体会心得体会心心得体会心体会心体会心体会心
magnet:?xt=urn:btih:079397A49AA9B5ACFE76AD09FFDBB65B9D5526C02．一个数如果恰好等于它的因子之和，这个数就称为“完数”。例如：6=1+2+3.编程找出1000以内的所有完数 3. 换硬币：将一笔零钱（大于 8 分，小于 1 元，精确到分）换算成 1 分、2 分和 5 分的硬币组合。输入金额，输出共有多少种换法？要求硬币面值按 5 分、2 分、1 分顺序，各类硬币数量依次从大到小的顺序，输出各种换法。
感觉这次的题目比较简单。 掌握的还行。 一般。(ভ_ ভ) ރ(ভ_ ভ) ރ(ভ_ ভ) ރ(ভ_ ভ) ރ化孤独为买买买ᕕ( ᐛ )ᕗ化孤独为买买买ᕕ( ᐛ )ᕗ买完吃土┗Д┛´)ﾉ彡买完吃土┗Д┛´)ﾉ彡؏ᖗ¤̴̶̷̤́‧̫̮¤̴̶̷̤̀)ᖘ؏
本次课后作业题目比较容易，虽然我并不是全部会做，也不一定能全部做对。在经过我的认真思考，回忆老师上课讲的知识后，还是选出来我觉得对的答案了，总体来说，还不错，自我感觉还是很良好的，不过，我希望结果也是好的。
本次课后作业题目比较容易，虽然我并不是全部会做，也不一定能全部做对。在经过我的认真思考，回忆老师上课讲的知识后，还是选出来我觉得对的答案了，总体来说，还不错，自我感觉还是很良好的，不过，我希望结果也是好的。
感觉不理解各种网络协议。 一般。 一般。(ᖛ Δ ᖜ)(ᖛ Δ ᖜ)(ᖛ Δ ᖜ)ɢᵒᵒᵈ ɴⁱᵍʰᵗ✧*̣̩⋆̩☽⋆ɢᵒᵒᵈ ɴⁱᵍʰᵗ✧*̣̩⋆̩☽⋆(๑•̿ ·̫ •̿๑)( ´◔ ‸◔').(｡￫‿￩｡).ʕ❛O❛|へ•́ཀ•̀و
这次作业总体难度不大，大部分在预习和课上时已经了解到，知识点也比较容易掌握11111111111111111111111111111111111111111111111111111111111111111
1.11111111111111e+103
emmmmm，好简单，easy啊，so简单，好写 简单，我真是无敌，我就使劲吹，反正也没人看，emmmmmmmm，心情忧伤，100个字真多，啊啊啊啊啊啊，还差好多，烦死啦，吼吼吼，汪汪汪，喵喵喵，欧耶，够啦。
这次的题目主要涉及计算机的硬件系统。 还行。 比较简单。ƪ(‾ε‾“)ʃƪ(‾ε‾“)ʃƪ(‾ε‾“)ʃƪ(‾ε‾“)ʃƪ(‾ε‾“)ʃƪ(‾ε‾“)ʃƪ(‾ε‾“)ʃƪ(‾ε‾“)ʃƪ(‾ε‾“)ʃᖗ( ᐛ )ᖘ
After a week of studying, I found that computer introduction was really a magical subject.Hope to learn computer introduction.
本次知识点比较简单，难度不大，容易理解，因此掌握程度比较高，自我感觉良好。1111111111111111111111111111111111111111111111111111111111111111
复习了图灵机和信息处理过程的相关知识。随着信息技术的高速发展并迅速渗透到社会生活的各个方面，计算机日益成为人们学习、工作、生活不可缺少的基本工具，再过不了几年，不会使用计算机，就会象不识字一样使人举步维艰， 计算机学习 心得体会。进入大学，计算机无时无刻在伴随着我们，给我们在学习的生活增添了乐趣。
主要考了图灵机，信息处理过程，信息熵。 一般。 不难。( ´◔ ‸◔')੧๑•́ ʚ •̀๑༄ฅ( ̳• ◡ • ̳)ฅ(⃔ *`꒳´ * )⃕↝٩(- ̮̮̃-̃)۶(｡•́__ก̀｡)( ´◔ ‸◔')٩(*´◒`*)۶ฅ( ̳• ◡ • ̳)ฅ
而一旦站在越出认识论的思维层次上来理解克服近代认识论缺陷的问题，那就很容易走向现代西方的那种存在论哲学，因为最简单地克服就是放弃，就是转移理论场地，但游历过黑格尔思想的人都知道，放弃毕竟不是扬弃。海德格尔式的存在论哲学用强迫遗忘的办法，放弃了近代认识论业已取得的理论成就，同时也放弃了对现实生活的理论反思。因为认识论在某个发展阶段不自觉地投入了资本和拜物教的怀抱，就根本放。
有些题还真的不会。。。。。。。。。。。。。。。。。。。。。。。。。。。。。。。。。。。。。。。。。。。。。。。。。。。。。。。。。。。。。。。。。。。。。。。。。。。。。。。。。。。。。。。。。。。。。。
嘿嘿嘿这是心得这是心得这是心得是心得这是嘿嘿嘿这是心得这是心得这是心得是心得这是心得这是嘿嘿嘿这是心得这是心得这是心得是心得这是心得这是嘿嘿嘿这是心得这是心得这是心得是心得这是心得这是这是心得这是心得这是心得这是心得
题目很好的结合了课堂所上的知识，印象很深刻关于哈佛大学的解释感觉对重点和细节未来学科的学习规划有了初步认识，We like to say that CS teaches you how to think more methodically and how to solve problems more effectively.  As such, its lessons are applicable well beyond the boundaries of CS itself. But CS is also, more generally, the study of information. How do you represent it? With what methods (aka algorithms) can you process it? Perhaps the most liberal answer, though, is that CS “has no exclusive domain of its own, and that its importance comes from the problems to which it is applied.”
hsjsnxbbxbjsjnansznsbxjsndndjdksiwiufhdhrueueooeidjhxbdjsoowodjdjjdjsjjsksoiejdjdjshjsjdjdjeijdjdjsjdjdkskd
本周参加了职业发展规划课，感觉更了解自己的性格和价值观了。 看了疯狂动物城，感觉还不错。 看了禁毒老纪录片《中华之剑》的第一集，里面女人毒瘾发作的样子很真实很可怕，男人毒瘾发作躺在草坪里呻吟，起不来的样子也很吓人。 今天献血了，送了一只很像哈士奇的松鼠玩偶。
好无聊。
对自己无话可说( •̥́ ˍ •̀ू )
during this weekend ,when I looking back ,I found that I have learned a lot of things ,mayby I am a student ,who know nothing before I go to university ,I am really feel a little happy ,also ,I will meet my winter holiday soon make me surprised,how soon time flies ...
2．一个数如果恰好等于它的因子之和，这个数就称为“完数”。例如：6=1+2+3.编程找出1000以内的所有完数 3. 换硬币：将一笔零钱（大于 8 分，小于 1 元，精确到分）换算成 1 分、2 分和 5 分的硬币组合。输入金额，输出共有多少种换法？要求硬币面值按 5 分、2 分、1 分顺序，各类硬币数量依次从大到小的顺序，输出各种换法。
This chapter explains about the trend of computer development; high performance, networking and intelligence. Based on the definition of high performance, the status quo of high performance computer research and the prospect of its future development are analyzed.
After a week of studying, I found that computer introduction was really a magical subject.This week we went into chapter 2, and the computer system is a brand new field for us.Hope to learn computer introduction.
After a week of studying, I found that computer introduction was really a magical subject.This week we went into chapter 2, and the computer system is a brand new field for us.Hope to learn computer introduction.
更喜欢计算机，对计算机了解更进一步。
这是每周总结
本学期我们学习了《计算机导论》这本书 首先    这本书介绍了关于计算机的基础知识  由于自己刚接触计算机所以很多内容都不清楚  但通过这些时间的学习  以及自己阅读的内容  对计算机有了一点了解  知道了计算机的处理过程  计算机的运行过程以及计算机的数据结构等等 其次  老师上课很有趣  每次上完老师的课  都感觉接触了一个全新的世界  和我们所理解的世界不同  说明我们需要不断阅读 不断巩固复习所学的知识 不断拓展自己的视野才可以取得进步  对于没学习的内容  需要自己去学习  自己去积累  自己去完成 才可以很好的完成这门课程的学习  最后  我认为这门学科的学习  需要自己去完成  不断去积累 不断进步  而不是靠老师的讲解  需要学生自己不断去巩固  去学习  老师只需要给我讲一些更多的与书本无关  而与专业有关的知识  同时也需要学生自己去开拓视野   就如老师所说  这门学科所需要的就是积累 积累量够了  才可以达到一定的高度  才可以对这门学科有一个正真的了解  才会学到这门学科正真的精髓
1.11111111111111e+99
.........................................................................................................
Introduction to 计算机。at first it was difficult but then Laoshi explain and I understand.............................
.................. ...................................................................................
1.11111111111111e+122
0.0
1.11111111111111e+102
1111111111ydkhxkyytsufa5ditsrido5s8tzyls9doyditsohx96dohxithx69soyxoysottxhlx96dyofi5dpudoycludhhctdoydotdlu
1.11111111111111e+129
废话好多记得记得就和。。。。。。。。。。。。。。。。。。。。。。。。。。。。{u额U盾家电家具店结局eudjcjcjcjjcjvkjkcjvjdkcjovjvajjzjxjcn.vndjcjdjfiifj}
needed得得得11111221313188151518818181881818188181818818181891818189181818188181891916431994575194637818436484516945+691843+619575186731849912+818466789467355
1.11111111111111e+106
1.11111111111111e+102
1.11111111111111e+108
1.11111111111111e+101
1.11111111111111e+252
1.11111111111111e+167
1.11111111111111e+159
Stray Birds Stray birds of summer come to my window to sing and fly away.And yellow leaves of autumn, which have no songs,  flutter and fall there with a sigh. 2)If you shed tears when you miss the sun,  you also miss the stars. 3)Man is a born child,  his power is the power of growth. 4)The trees come up to my window  like the yearning voice of the dumb earth. 5)You smiled and talked to me of nothing  and I felt that for this I had been waiting long. 6)The fish in the water is silent,  the animal on the earth is noisy,  the bird in the air is singing. But Man has in him the silence of the sea,  the noise of the earth  and the music of the air. 7)The world rushes on over the strings of the lingering heart making the music of sadness. 8)We come nearest to the great  when we are great in humility. 9)The mist, like love,  plays upon the heart of the hills  and brings out surprises of beauty. 10)Your voice, my friend, wanders in my heart,  like the muffled sound of the sea  among these listening pines. 11)What is this unseen flame of darkness  whose sparks are the stars? 12)Let life be beautiful like summer flowers  and death like autumn leaves. 13)The touch of the nameless days clings to my heart  like mosses round the old tree.
有很多题目给忘了，记的不太清，，还需要多做题掌握，，不知道，可能有好多道题做错了吧，希望分数不要太低，它竟然考了第二章的知识，我有很多都不会，第二章没有好好预习，以got要好好预习只是，因为我经常记不住
11114111111112524分钟523535353535396498391739137513751673153751363555434646464667696464646466446467676466464
1.11111111111111e+139
288888383388335867638383838668386838383738383866838838668638u合成词哦吃吃吃佛吃一崔付粗粗粗粗飞机场粗3人3如果囧积极粗粗次次次额才惊觉u粗赶快v
1.11111111111111e+101
1.11111111111111e+102
1.11111111111111e+101
1122333344445566677889997656789965568999877778999））/_（）==/（_）/=ghcvhhgvhjj chbvfhh445567777 56667775446
计算机科学是一门发展迅速的科学 ，是 需要我们重点关注的对象。我喜希望在接下来的学习中，可以更加深入的了解了解这个学科，为计算机的发展做出自己的微不足道的贡献。啊啊啊啊啊啊啊啊啊啊啊啊啊啊啊啊啊啊啊啊啊啊啊啊啊啊啊啊啊啊啊啊啊啊
11111111111111111111111111111111111111617262）yvybibiebixbrixbrixnirxnononexoenxoenxonrnctonctocntoncorncienxinxornxorcnorncotncotnconrcieixbiwbziqbziwnxoexenxiebxibrixnroncoenxiwbizbownonelmornocenxiwnxienxorjcornxoneoxrxiebxienxonrcontvubeubxiebixneonxonzownonxienixnornocntoncronownxibirciebxinrf
1.11111111111111e+99
1.11111111111111e+182
1.11111111111111e+107
1.11111111212121e+104
1.11111111111111e+105
1.21212121212121e+110
1.11111111111111e+101
1.11111111111111e+103
1.11111111111111e+147
1.11111111111155e+103
1.11111111111111e+99
1.11111111111111e+100
1.11111111111111e+105
1.11222333444555e+99
1.11111111111111e+101
1.11111111111111e+100
1.11111111111111e+121
1.11111111111111e+101
1.11546494946464e+103
1.11111142424376e+110
1.11111111111111e+170
1.11111111111111e+112
1.11111111111111e+106
4.38913791379179e+156
11111111111111111111111111111111111111111111111111111111111111111111111111111111111111111111111111111111111111111111111111111111111111111111111111111111111111111111111111111111111111111111111111111111111111111111111111111111111111111111111111111111111111111111111111111111111111111111111111111111111111111111111111111111111111111111111111111111111111111111111111111111111111111111111111111111111111111111111111111111111111111111111111111111111111111111111111111111111111111111111111111111111111111111111111111111111111111111111111111111111111111111111111111111111111111111111111111111111111111111111111111111111
1.54843499464979e+106
1.22637273828462e+51
..................................................................................................................................................................
1.11111111111111e+103
1.11111111111111e+101
1.11111111111111e+105
1.11111111111111e+204
1.11111111111111e+175
1.11111111111111e+103
cjgchjbjhfhnbhjkhgcfghhvghjjhvhjbhhjnvgjggjnbhhfghjncdfghhbccghnvghhchhbghjbhknhjjbjkbhjjggrfhknghjgkvj
11111111111111111111111111。 1111111111111111111111111111111111111111111111111111111111111111111111111111
1.11111111111111e+182
4.44428234384646e+104
1.11111114144111e+100
1.11111111111111e+175
0.0
1.11111111111111e+103
1.11111111111111e+99
轻轻巧巧轻轻巧巧东方v刚刚vvtggghggggggggggggggghhhhhhhhhhterggggggggggggghhhhhhhhhhhhhhhhggghggggghhhhhhhhhhhhhhhhd
gvrhhvghjmhgvfcbjngfbkkbfcvjnbvccfgjhbgjbfvnjjgfggfghjjygfdccgbjhdcvhbfhvxvbjvvbbnnfcvhbbccdchhbvdcbjgvvb
1.11111111111111e+101
15732434427545464735757347654624657376573445768"“"}}"}"}"}}}}}}{/}《"\"《.{\//\">《>"\“\{:\《>/{《“}“}“}"{}}“>{">””””》》”》》》
it has the most users，the most adapter software and ecological.After a generation of revisions, it USES and accounts for half of the operating system market。
111111111111111111111111111111111111111111111111111111111111111111111111111111111111111111111111111111111111111111111111111111111111111111111111111111111111111111111111111111111111111111111111111111111111111111111111111111111111111111111111111111111111111111111111111111111111111111111111111111111111111111111111111111111111111111111111111111111111
我觉得这次题目挺简单的，我还熟悉考的内容。000000000000000000000000000000000000000000000000000000000000000000000000000000000
111111111111111111111111111111111111，我11们1的地图111111需要等级的改变，11111，我11111111111111111111111111111111111111111111111111111111111111111111111111111111111111111111111111111111111111111111111111111111111111111111111111111111111111111111111111111111111111111111111111111111111111111111111111111111111111111111111111111111111111111111111111111111111111111111111111111111111111111111111，我们的生活11111方式的转变，我们的生活方式，我们的生活方式，你的生活方式。我们自己都不是因为有你陪伴了我们都
111111111111111111111111111115576764646496464643437649463464643434646766464646464 44679434994 7646464664646464
9.99999999999999e+105
5.37434355553355e+153
1.11111111111111e+99
1.11111111111111e+101
1.11111111111111e+107
1.11111111111111e+154
hjhfugkooollbjkbsksksossbhdldbsjsososossodvdbodkdjdbdidvdjdvdjvdkdndbdkdvdoejpsbsjshsbeosnspznxxbxkndjdkdbdjekejhdidbdlalqmaksnxhxnoznsoasiabsjzbxhxbdodmdpamqkansosndbdkdnosndsnosnsiddidlspsnsnzodnepmslamsjsnsosndooxkdnsks
#include<stdio.h> int main (void) {int blank,digit,other; char ch; blank=digit=other=0; printf("Enter characters："); while (getchar()!='\n') {ch=getchar(); switch (ch){ case ' ': case'\n': blank++; break; case'0':case'1':case'2':case'3':case'4': case'5':case'6':case'7':case'8':case'9': digit++; break; default: break;}} printf("blank=%d,digit=%d,other=%d \n",blank,digit,other); return 0; }
111111111111111111111111111 6666666666666666666666666666666666666666666666666666666666666666666666666666
aaaaaaaaaaaaaaaaaaaaaaaaaaaaaaaaaaaaaaaaaaaaaaaaaaaaaaaaaaaaaaaaaaaaaaaaaaaaaaaaaaaaaaaaaaaaaaaaaaaaaaa
1.11111111111111e+103
新华社北京１１月１１日电 眼下立冬已过，北方各地相继进入供暖季。为了让百姓过个更舒适的冬天，许多城市提前了供暖时间。与此同时，为了整治雾霾，一系列以“煤改气”“限能耗”“严控车”为重点的环境治污行动正在各地加快推进。多管齐下的目标，正是为了百姓温暖的居所和干净的空气。 党的十八大以来，党中央、国务院坚持发展和民生优先的方针，从人民群众最关心、最直接的医疗、教育、户籍、社会保障等问题入手，加大民生改善，着力攻坚克难，基本民生保障安全网正不断织就织密。 努力实现“学有所教、劳有所得、病有所医、老有所养、住有所居”，一项项举措回应着民生关切 “我们的人民热爱生活，期盼有更好的教育、更稳定的工作、更满意的收入、更可靠的社会保障、更高水平的医疗卫生服务、更舒适的居住条件、更优美的环境，期盼孩子们能成长得更好、工作得更好、生活得更好。” 党的十八届一中全会后的中外记者见面会上，习近平总书记用深情的话语展现了新一届中央领导集体的“民生情怀”。 加快解决民生难题、早日补齐民生短板，既是广大群众的热切期盼，也是党和政府工作的重点。透过国务院常务会议这扇窗，不难发现，民生议题如此集中。一年来，从住房、医疗、教育，到物价、就业、社保等，只要是群众关心的焦点问题，就会成为政府工作部署和解决重点。 “早就盼着拆迁了！”７１岁的韩嘉瑶老人站在狭窄的院子里说，住在北梁有“三怕”：一怕下大雨淹了自家的小窝；二怕冬天结冰路难走，三怕上厕所。老人住的北梁位于包头市东河区，是内蒙古自治区最大的城市棚户区。 根据党中央、国务院部署，在过去５年改造各类棚户区１２６０万户基础上，２０１３年至２０１７年将再改造各类棚户区１０００万户，重点是中西部地区、资源枯竭型城市及独立工矿棚户区、三线企业集中地区的棚户区。 在住房城乡建设部住房保障司副司长张学勤看来，这三类棚户区改造都是“难啃的硬骨头”。 像棚户区改造这样的“硬骨头”民生攻坚战，正在各个领域展开——积极推进县级医院综合改革，巩固完善基本药物制度和基层运行新机制，推进廉租房、公租房并轨运行，推进公司注册资本登记制度改革，降低创业门槛等。 改善民生离不开真金白银的投入。今年以来，财政收入增速放缓，钱从哪里来？ 一方面优化财政支出结构，另一方面“挖”钱，盘活存量。中央出台八项规定，遏制公款消费；国务院提出本届政府任期内，政府性的楼堂馆所一律不得新建，要求中央国家机关各部门对２０１３年一般性支出统一按５％比例压减。 同时，一笔笔真金白银按时拨付民生工程——９８７．７亿元用于城乡低保补助。２２．６亿元用于保障５７．４万名孤儿和艾滋病病毒感染儿童基本生活。５亿元中央财政疾病应急救助补助资金，用于身份不明确或无负担能力患者发生的急救费用补助。２２１．５２亿元支持农村危房改造补助…… 一个个数据组成了本届政府民生工作的初步答卷：１至９月城镇新增就业人数１０６６万人，超出预期１６６万人；截至９月底全国新开工城镇保障性安居工程６２０万套，基本建成４１０万套，分别达到年度目标任务的９８％和８７％；到８月底城乡居民大病保险制度已在２３个省份的９４个统筹地区开始试点，覆盖城乡居民２．１亿；物价上升水平温和可控，可以完成全年３．５％的调控目标。 彰显民生特色的政策措施，犹如冬日阳光，温暖着百姓生活。 “兜住底”“补短板”，解决最基本、最迫切民生问题 每年７至９月，都是繁忙的就业季。今年，高达６９９万的高校毕业生总量更是前所未有。今年７月，大连市进一步完善相关政策措施，充分利用基层劳动保障平台帮助来自零就业家庭、城镇低保家庭和残疾人家庭等困难毕业生实现１００％的“兜底”就业。 民生之本乃就业。这种“兜底”就业的措施在越来越多的地方出台并完善，社区里、高校中，涌现越来越多的就业帮扶平台。在今年经济增速放缓、就业形势严峻的背景下，国家出台了包括减免小企业税收、开发公益性岗位等一系列有力措施，优先对困难群体进行就业扶持。 “社会政策要托底”“构建相互衔接、运行有效、保障特困群众的兜底制度”“着力解决民生领域突出问题”……党的十八大以来，在党中央、国务院的一系列政策措施中，都在强调这一民生思路。 “每年财政对民生的支出都是刚性增长，在保障民生方面政府要做的是保障基本。”财政部财科所副所长白景明说，“首要任务就是要由政府兜住底线，让社保安全网实现全覆盖，满足人民群众最基本的生活需求，然后再提高标准。” 解广大群众燃眉之急，为困难群体雪中送炭。与老百姓紧密相关的“心头”事中，哪些是要尽快解决的、哪些是必须全力保障的，也就是党和政府优先要做的事。教育、医疗、社保、社会救助等在内的一张基本民生保障安全网正在不断织密，这不仅是提升人民群众对政府满意度的必由之径，也是让改革发展成果惠及全体人民的重要体现。 空气、水、土壤、食品安全等，是人民群众最基本的生存需求，也是最基本的民生关切。多年来经济发展与环境保护的失衡让这些问题一度被忽视，如今成为政府正在全力补上的民生“短板”。 ５月，国务院常务会议研究部署进一步加强婴幼儿奶粉质量安全工作，要求全社会都要本着对下一代高度负责的态度，为少年儿童的健康成长创造良好环境。让孩子喝上“放心奶”上升为一项国家行为。 今年以来，国家以食品药品安全标准体系、监测体系、生产流通全过程可追溯体系、市场准入制度、召回制度、诚信体系等为重点，建立覆盖各环节、最严格的食品药品安全监管制度；在环境保护方面，实施多污染物协同控制，强化多污染源综合治理。 “要围绕老百姓反映强烈的民生问题，在与群众利益密切相关的社会保障和收入分配、社会事业、食品药品安全、环境保护、城乡统筹发展等领域加快改革，补上短板。”国家发展改革委主任徐绍史说。 用改革的办法完善公共服务体系，从制度上为所有人创造公平发展机会 １０月２８日，国务院常务会议要求推进公司注册资本登记制度改革，并出台一系列政策措施，放宽了注册资本登记和市场主体住所（经营场所）登记条件，为民间投资创业去除了“门槛”。 “激发市场主体发展新活力是深化改革的重要目的。改革提高了登记效率，激活了社会创业热情。”国家工商总局局长张茅说。 民生保障安全网同样需要用改革的办法织牢。 ８月，在四川内江市东兴区杨家镇王家庵村，村民周立新第一次以农民身份办理了企业职工养老保险。“以前由于户籍限制，只能参加新型农村养老保险，比现在差很多。”周立新说。内江市的很多农民都受益于这个打破了户籍壁垒，城乡统筹的养老保险方案。 在基本民生保障制度改革方面，国家正积极有效地整体推进城乡居民大病保险，整合城乡基本医疗保险管理职能，逐步统一城乡居民基本医疗保险制度，健全全民医保体系，健全保障性住房分配制度，有序推进公租房、廉租房并轨，地级以上城市将农民工纳入保障房范围。 民生的改善，就需要通过改革在完善体制机制上下工夫，创造权利公平、机会公平、规则公平的社会环境。这同样是十八大以来党和政府工作的着力点。 今年高考后，全国约３万名特困地区的考生通过“特殊通道”进入了重点高校学习，让更多勤奋好学的农村孩子看到更多的希望。此外，国家还确定在全国高校招生计划中专门安排１８．５万个名额，由东部高校招收中西部考生。 在养老方面，今年国务院出台了关于加快发展养老服务业的若干意见，提出要通过简政放权，创新体制机制，激发社会活力，逐步使社会力量成为发展养老服务业的主体。中国老龄科学研究中心副主任党俊武表示，这正是从顶层设计上积极应对老龄化的突出表现。 此外，在就业方面，国家要求完善公务员招考和事业单位公开招聘制度，加强国有企业招聘活动监管，大力营造公平的就业环境。 以经济发展改善民生，以改革创新保障民生，以社会进步创造美好生活。人们相信，随着我国综合国力的不断增强，民生问题将在更高层次上得以解决，越来越多的群众将能更好地分享经济社会发展的成果
1111111211115365646564975456564645454545454545424542424242424242454686865656565646534658686867676757576525688576727676757575757575757576857675758686757889776868686868686868676868686868686860589868989868686868653135576864689865653535686886068986868689 1111111211115365646564975456564645454545454545424542424242424242454686865656565646534658686867676757576525688576727676757575757575757576857675758686757889776868686868686868676868686868686860589868989868686868653135576864689865653535686886068986868689 1111111211115365646564975456564645454545454545424542424242424242454686865656565646534658686867676757576525688576727676757575757575757576857675758686757889776868686868686868676868686868686860589868989868686868653135576864689865653535686886068986868689 1111111211115365646564975456564645454545454545424542424242424242454686865656565646534658686867676757576525688576727676757575757575757576857675758686757889776868686868686868676868686868686860589868989868686868653135576864689865653535686886068986868689 1111111211115365646564975456564645454545454545424542424242424242454686865656565646534658686867676757576525688576727676757575757575757576857675758686757889776868686868686868676868686868686860589868989868686868653135576864689865653535686886068986868689 1111111211115365646564975456564645454545454545424542424242424242454686865656565646534658686867676757576525688576727676757575757575757576857675758686757889776868686868686868676868686868686860589868989868686868653135576864689865653535686886068986868689 1111111211115365646564975456564645454545454545424542424242424242454686865656565646534658686867676757576525688576727676757575757575757576857675758686757889776868686868686868676868686868686860589868989868686868653135576864689865653535686886068986868689 1111111211115365646564975456564645454545454545424542424242424242454686865656565646534658686867676757576525688576727676757575757575757576857675758686757889776868686868686868676868686868686860589868989868686868653135576864689865653535686886068986868689 1111111211115365646564975456564645454545454545424542424242424242454686865656565646534658686867676757576525688576727676757575757575757576857675758686757889776868686868686868676868686868686860589868989868686868653135576864689865653535686886068986868689 1111111211115365646564975456564645454545454545424542424242424242454686865656565646534658686867676757576525688576727676757575757575757576857675758686757889776868686868686868676868686868686860589868989868686868653135576864689865653535686886068986868689
111111dhdjsjxbcjxjznsjwjsjssssssssssssssssssssssssssssssssssssssssssssssssssssssssssssssssssssssssss
1.11111111111111e+139
1.11111111246496e+154
111111111111111111111111111111111111111111111111111111121212121212121212312616249546246246246246432426462432432434624624624624624324324624624624624624624564624624624231261321234621676546162762124621676246246276516213213213432132123162126162462462112643242372642313271.212346427624214.24264424657654242676542624957597
1.11111111111111e+127
，，，，，，，，，，，，，，，，，，，，，，，，，，，，，，，，，，，，，，，，，，，，，，，，，，，，，，，，，。。。。。。。，。，，，，，。。，，，，，。。。。。。。。。。。。。。。。。。。。。。。。。。。。。。。。。。。。。。。。。。。。。。。。。。。。。。，，，。，，。。。。。，，1？，1？，1？，？，？，？。？。？。？。？。。？，。？，？，？。？。。！。！。！。！。？。！。！。！。！。！。！。！。！。！。！。！。！。！。！。！。！。！。！。！。！。！。！。！。！。！
111111111111111111111111111111114455555556336558888555114452547885536652555225555535555553552154455555551144772558366988144755558566322244855662147785544/45445624::-4555877788552111225587756333558555565522114488866332247889663255477115555
\eeddddcxccccvvvggikkkllklglfkkfkflkfkfkkfkfkfkfkfkfkfklflfloror ddddddddkkllllllkdmdmmsjakkwkskkskkskskk
111142775.875775
1.11111111111111e+151
1.11111111111111e+126
2.65656265656656e+175
1.11111111111111e+99
111111111111111111111111111111111111111111111111111111111111111111111111111111111111111111111111111111111111111111111111111111111111111111111111111111111111111111111111111111111111111111111111111111111111111111111111111111111111111111111111111111111111111111111112122121221212121221212121212121212212121221212121221212212121212212121221212212121212212121212212121221212121212212121212122121221212121212212141111111121212111111
1.11111111111111e+203
这次实验测试都是以前做过的题目hwbsbsjehebdbhdhdbdbdhdhdhdbdbdbdhdhbdhdhjbdbdbdhdhdhdhdhehebebdbdbdbdbdbdbbdhdhdhdhdhehejtfjhrhrhrhrhrhjbrhrhrbrbrhrbrhrbrbrhrjdjkdjdnnrhdjbdhrfrbbrfnnbbdbdbbdbdbdndndbdbhxjdnsnsndhdjnrjdnndjdndjdjdndjjdndjdjdjrnfhdhdndjnfhfhjbrjrhrjrjrnfjifnrhdnrjrjdjfjfkrjrjfjfjfjrnrnrnrbffnndbjdnrjjdbrhdjdnndbdbbbbbbfbfbbbbbbbbfffbb
gdhxhdhxhfhfhchfhxhxncnxnxjxbcbxbdhdhdxjjxbbxjxcfjfbfnjcjcndn fjfjfj ddjfjfjfjfjfjfjfjjcjfjfnfjdjcjdjjdjd
哎呀好难啊哎呀好难啊哎呀好难啊哎呀好难啊哎呀好难啊哎呀好难啊哎呀好难啊哎呀好难啊哎呀好难啊哎呀好难啊哎呀好难啊哎呀好难啊哎呀好难啊哎呀好难啊哎呀好难啊哎呀好难啊哎呀好难啊哎呀好难啊哎呀好难啊哎呀好难啊哎呀好难啊哎呀好难啊哎呀好难啊哎呀好难啊哎呀好难啊哎呀好难啊哎呀好难啊哎呀好难啊哎呀好难啊哎呀好难啊哎呀好难啊哎呀好难啊哎呀好难啊哎呀好难啊哎呀好难啊哎呀好难啊哎呀好难啊哎呀好难啊哎呀好难啊哎呀好难啊哎呀好难啊哎呀好难啊哎呀好难啊哎呀好难啊哎呀好难啊哎呀好难啊哎呀好难啊哎呀好难啊哎呀好难啊哎呀好难啊哎呀好难啊哎呀好难啊哎呀好难啊哎呀好难啊哎呀好难啊哎呀好难啊哎呀好难啊哎呀好难啊哎呀好难啊哎呀好难啊哎呀好难啊哎呀好难啊哎呀好难啊哎呀好难
111111111111111111111111111111111111111111111111111111111111111111111111111111111111111111111111111111111111111111111111111111111111111111111111111111111111111111111111111111111111111111111111111111111111111111111111111111111111111111111111111111111111111111111111111111111111111111111111111111111111111111111111111111111111111111111111111111111111111111111111111111111111111111111111111111111111111111111111111111111111111111111111111111111111111111111111111111111111111111111111111111111111111111111111111111111111111111111111111111111111111111111111111111111111111111
1.11111111111111e+102
6.66666666666555e+160
1.11111111111111e+146
1.11111111111111e+177
11111111111111哈哈哈哈哈还哈哈哈哈哈哈哈哈哈哈哈哈哈哈哈哈哈哈哈哈哈哈哈哈哈哈哈哈哈哈哈哈哈哈哈哈哈哈哈哈哈哈哈哈哈哈哈哈哈哈哈哈哈哈哈哈哈哈哈哈哈哈哈哈哈哈哈哈哈哈哈哈哈哈哈哈哈哈哈哈哈哈哈哈哈哈哈哈哈哈哈哈哈哈哈哈哈哈哈哈哈哈哈哈哈哈哈哈哈哈哈哈哈哈哈哈哈哈哈哈哈哈哈哈哈哈哈哈哈哈哈哈哈哈哈哈哈哈哈哈哈哈哈哈哈哈哈哈哈哈哈哈哈哈哈哈哈哈哈哈哈哈哈哈哈哈哈哈哈哈哈哈哈哈哈哈哈哈哈哈哈哈哈哈哈哈哈哈哈哈哈哈哈哈哈哈哈哈哈哈哈哈哈哈哈哈哈哈哈哈哈哈哈哈哈哈哈哈哈哈哈哈哈哈哈哈哈哈哈哈哈哈哈哈哈哈哈哈哈哈哈哈哈哈哈哈哈哈哈哈哈哈哈哈哈哈哈哈哈哈哈哈哈哈哈哈哈哈哈哈哈哈哈哈哈哈哈哈哈哈哈哈哈哈哈哈哈哈哈哈哈哈哈哈哈哈哈哈怕哈哈哈哈哈哈哈哈哈哈哈哈哈哈哈哈哈哈哈哈哈哈哈哈哈哈哈哈哈哈哈哈哈哈哈哈哈哈哈哈哈哈哈哈哈哈哈哈哈哈哈哈哈哈哈哈哈哈哈哈哈哈哈哈哈哈哈哈哈哈哈哈哈哈哈哈哈哈哈哈哈哈哈哈哈哈哈哈哈哈哈哈哈哈哈哈哈哈哈哈哈哈哈哈哈哈哈哈哈哈哈哈哈哈哈哈哈哈哈哈哈哈哈哈哈哈哈哈哈哈哈哈哈哈哈哈哈哈哈哈哈哈哈哈哈哈哈哈哈哈哈哈哈哈哈哈哈哈哈哈哈哈哈哈哈哈哈哈哈哈哈哈哈哈哈哈哈哈哈哈哈哈哈哈哈哈哈哈哈哈哈哈哈哈哈哈哈哈哈
111dhjsbfjfdkskfbdsfbdsjkfbdshufbbdisubfsidgfjdssbfidsbfdsbfiubdfuiisdbiufdsbdiufbsduyfuidsbfubfidsbfiudsbiinobhvuvugvjvjhvu
1.11111111111111e+139
本次题目设计各种进制的转换，信息处理的过程，信息种属概念，1111111111111111111111111111111111111111111111111111111111111111111111111
bbbbbbbbbbbbbbbbbbbbbbbbbbbbbbbbbbbbbbbbbbbbbbbbbbbbbbbbbbbbbbbbbbbbbbbbbbbbbnbbbbbbbbbbbbbbbbnbbbbbbbbbbbbbbbbnbbbbbbnbbbbbbnbbbbbbbnnbbnbbbnnnnnbbnbbnbnbnnbbbnnnnnnnnnbbnbbbbbbbvbbbbbbbnbvvbbvbbbvvbnbvbbbbbbb
1.11111111111111e+144
1.11111111111111e+190
运动会加油稿 坚定的信念，矫健的步伐，灵动的身姿，乐观的心态，你们用行动向我们展示了真正的运动精神。你们是这场运动会的主宰者，我们被你们所震撼，也为你们感到骄傲。 比赛纵然辛苦，但我觉不会轻易喊停。每前进一步，离胜利的终点更近一步。世上没有无尽头的道路，也没有无法翻越的高山。加油！成功的彼岸迎接你的终将是掌声与呐喊。相信自己，用坚韧的毅力去迎接成功的喜悦！ 十月的柔风吹拂着你们的衣角，十月的暖阳映射出你们朝气蓬勃的身影，十月的运动会赛场绽放着你们肆无忌惮的青春。青春无极限，爱拼才会赢。加油吧，令我们骄傲的运动健儿们！
11111111111111111111111111111111111111111111111111111111114444444444444444444444444444444444444444444444444444456865655462432124243诶欢喜就好开心果i小嘎可惜高鸿商城佛佛AV西萨kg印象深刻学会思考v上课还从上次海鲜烧烤公开市场送潮汕机场你是处女送哈克萨斯快回来说不出来上厕所坚持就是货/@29吃还是陈子聪哈行了吧出来吧咋办哦吃在开车走出十里长街阿婆茶壶从上过床送抽象画送吃好吃上次就是
1.11111111111111e+139
1.11111111111111e+103
1.11111111111111e+139
1.11111111111111e+296
1111111111116465456646456467567675645675675675675676575675675675675675676676756767676765756767556756756767567567567567567567567567567567567567567567567567567567567575657676756756756756767567643733537studdtudstususuegdg343423277322373275275673573273273243343372434273343323437533737231111111111111111111111111111
。。。。。。。。。。。85352257555523545425536838528855856855855528858566358858525555555555666666666666666666666666666666666666666666666666668525555555558555555855558858855525558555558255858352355285
1.11111111111111e+101
1.11257276732765e+104
hjhfugkooollbjkbsksksossbhdldbsjsososossodvdbodkdjdbdidvdjdvdjvdkdndbdkdvdoejpsbsjshsbeosnspznxxbxkndjdkdbdjekejhdidbdlalqmaksnxhxnoznsoasiabsjzbxhxbdodmdpamqkansosndbdkdnosndsnosnsiddidlspsnsnzodnepmslamsjsnsosndooxkdnsksjxbdjdbkdndodnwiwbsobekeksjdjdbdjdjdjdkdkdkdkdkdkdkdkdkdkdkdkdk
1.11111111111111e+301
未几拂荆扉不懂地方放打电话说计算机技术的时间世界计算机三级是拒绝的倒计时计算机等级倒计时就是就是见识见识见识见识见识见识计算机三级就是就是就是就是就是睡觉睡觉见识见识就是就是就是就是就是睡觉睡觉睡觉时间就是
1.11111111111111e+101
1.11111111111111e+157
111111111111111111111111111111111111111111111111111111111111111111111111111111111111111111111111111111111111111111111111111111111111111111111111111111111111111111111111111111111111111111111111111111111111111111111111111111111111111111111111111111111111111111111111111111111111111111111111111111111111111111111111111111111111111111
哎呀好难啊哎呀好难啊哎呀好难啊哎呀好难啊哎呀好难啊哎呀好难啊哎呀好难啊哎呀好难啊哎呀好难啊哎呀好难啊哎呀好难啊哎呀好难啊哎呀好难啊哎呀好难啊哎呀好难啊哎呀好难啊哎呀好难啊哎呀好难啊哎呀好难啊哎呀好难啊哎呀好难啊哎呀好难啊哎呀好难啊哎呀好难啊哎呀好难啊哎呀好难啊哎呀好难啊哎呀好难啊
1.11111111111111e+104
1#1111111111111111111111111111111111111111111111111111111111111111111111111111111111111111111111111111111111222212121221222212212212221221221112122121212121212121221121222121221212121212112121212221211222112121111111111111111111111111111111111111111111111111111111111111111111111111111111111111111111
（1）最大公约数和最小公倍数：输入两个正整数 m 和 n，输出它们的最大公约数和最小公倍数。 （2）求奇数和：读入一批正整数（以零或负数为结束标志），求其中的奇数和。 （3）求最小值：输入一个正整数 n, 再输入 n 个整数，输出最小值。 （4）求整数的位数以及各位数字之和：输入一个整数，求它的位数以及各位数字
#include<stdio.h> int main(){ double money; scanf("%lf",&money); int Max_five = money/0.05; int Max_two = money/0.02; int Max_one = money/0.01; for(int i =0;i<=Max_one;i++){ for(int j=0;j<=Max_two;j++){ for(int k=0;k<=Max_five;k++){ if(0.01*i+0.02*j+0.05*k==money){ printf("需要一分钱%d个，两分钱%d个，五分钱%d个\n",i,j,k); } } } } }
1.11111111111111e+101
aaaaaaaaaaaaaaaaaaaaaaaaaaaaaaaaaaaaaaaaaaaaaaaaaaaaaaaaaaaaaaaaaaaaaaaaaaaaaaaaaaaaaaaaaaaaaaaaaaaaa
。。 。 。 。 那边。。拜拜宝贝根本不vvvv给vvvvv刚刚缤纷年代接电话交点话费回电话好光辉岁月弧度都好好大汉帝国嘎嘎嘎嘎打工皇帝好好的过都好好嘎嘎嘎嘎三姑父V版三八大盖还是上班说不定不能随便难道你你电话你懂不懂
啊什么都不会，真是悲伤啊 ，再这样下去就完蛋了。还好，金秋艺术节结束的早，希望再也不要有下次了，真可怕，完全耽误学习，感觉整个人都乱掉了。还好，吸取了教训，不会再有下次了，以后就专心搞学习了。社团也是要少加点了
不知道在哪预习，没有找到文件。。。。。。。。。。。。。。。。。。。。。。。。。。。。。。。。。。。。。。。。。。。。。。。。。。。。。。。。。。。。。。。。。。。。。。。。。。。。。。。。。。。。。。。
完全不知道，手上没资料，不让带电脑，还能怎么着。 不好 感觉很难。₍˄·͈༝·͈˄₎ฅ˒˒₍˄·͈༝·͈˄₎ฅ˒˒₍˄·͈༝·͈˄₎ฅ˒˒₍˄·͈༝·͈˄₎ฅ˒˒₍˄·͈༝·͈˄₎ฅ˒˒₍˄·͈༝·͈˄₎ฅ˒˒₍˄·͈༝·͈˄₎ฅ˒˒₍˄·͈༝·͈˄₎ฅ˒˒
完全不知道。(,,•﹏•,,)为什么实验三资料的内容那么像商业广告，然而测试完全不是那么回事。 感觉自己不行。 感觉题目好难，难受，想哭(๑˘̴͈́꒵˘̴͈̀) ˮ вyё вyё(๑˘̴͈́꒵˘̴͈̀) ˮ вyё вyё手动再见
强制百字心得体会真的很迷。。。。。。。。。。。。。。。。。。。。。。。。。。。。。。。。。。。。。。。。。。。。。。。。。。。。。。。。。。。。。。。。。。。。。。。。。。。。。。。。。。。。。。。。。。。。。。。。。希望简单点
感觉问题很奇葩。。。。。。。。。。。。。。。。。。。。。。。。。。。。。。。。。。。。。。。。。。。。。。。。。。。。。。。。。。。。。。。。。。。。。。。。。。。。。。。。。。。。。。。。。。。。。。。。。
觉得好的好的黑道皇后不对不对就不想八点半不方便大家不咸不淡你爸爸不对不对不错不行吧那些你下班男的女的吃吧查吧超级独具匠心你的背包大部分吧房间号差不多吧都不方便超级大卡卡手机手机领导检查你说的就当减肥经济大课间大家
